name,url,filepath,depth
MarkJLux,https://static.parastorage.com/unpkg/core-js-bundle@3.2.1/minified.js,html/House/MarkJLux/javascript/minified|16993045065417333.js,0
MarkJLux,https://static.parastorage.com/unpkg/focus-within-polyfill@5.0.9/dist/focus-within-polyfill.js,html/House/MarkJLux/javascript/focus-within-polyfill|1699304506659364.js,0
MarkJLux,https://polyfill.io/v3/polyfill.min.js?features=fetch.js,html/House/MarkJLux/javascript/polyfill.min?features=fetch|16993045069495277.js,0
MarkJLux,https://static.parastorage.com/services/wix-thunderbolt/dist/thunderbolt-commons.61787a30.bundle.min.js,html/House/MarkJLux/javascript/thunderbolt-commons.61787a30.bundle.min|1699304507120928.js,0
MarkJLux,https://static.parastorage.com/services/wix-thunderbolt/dist/main.8d593539.bundle.min.js,html/House/MarkJLux/javascript/main.8d593539.bundle.min|1699304507286084.js,0
MarkJLux,https://static.parastorage.com/unpkg/lodash@4.17.21/lodash.min.js,html/House/MarkJLux/javascript/lodash.min|16993045074704769.js,0
MarkJLux,https://static.parastorage.com/unpkg/react@18.1.0/umd/react.production.min.js,html/House/MarkJLux/javascript/react.production.min|16993045076506615.js,0
MarkJLux,https://static.parastorage.com/unpkg/react-dom@18.1.0/umd/react-dom.production.min.js,html/House/MarkJLux/javascript/react-dom.production.min|16993045077879028.js,0
MarkJLux,https://static.parastorage.com/services/tag-manager-client/1.820.0/siteTags.bundle.min.js,html/House/MarkJLux/javascript/siteTags.bundle.min|16993045079851525.js,0
MarkJLux,https://static.parastorage.com/services/wix-perf-measure/1.1095.0/wix-perf-measure.umd.min.js,html/House/MarkJLux/javascript/wix-perf-measure.umd.min|1699304508156833.js,0
JeionAWard,https://jeionward.com/media/vendor/jquery/js/jquery.min.js?3.6.3.js,html/House/JeionAWard/javascript/jquery.min?3.6.3|1699304508670262.js,0
JeionAWard,https://jeionward.com/media/legacy/js/jquery-noconflict.min.js?04499b98c0305b16b373dff09fe79d1290976288.js,html/House/JeionAWard/javascript/jquery-noconflict.min?04499b98c0305b16b373dff09fe79d1290976288|16993045088498902.js,0
JeionAWard,https://jeionward.com/media/system/js/core.min.js?576eb51da909dcf692c98643faa6fc89629ead18.js,html/House/JeionAWard/javascript/core.min?576eb51da909dcf692c98643faa6fc89629ead18|16993045090475447.js,0
JeionAWard,https://jeionward.com/media/system/js/messages-es5.min.js?44e3f60beada646706be6569e75b36f7cf293bf9.js,html/House/JeionAWard/javascript/messages-es5.min?44e3f60beada646706be6569e75b36f7cf293bf9|16993045092201128.js,0
JeionAWard,https://jeionward.com/media/system/js/messages.min.js?7425e8d1cb9e4f061d5e30271d6d99b085344117.js,html/House/JeionAWard/javascript/messages.min?7425e8d1cb9e4f061d5e30271d6d99b085344117|16993045093985114.js,0
JeionAWard,https://jeionward.com/plugins/system/jcemediabox/js/jcemediabox.min.js?5fd08c89b5f5fb4807fcec58ae247364.js,html/House/JeionAWard/javascript/jcemediabox.min?5fd08c89b5f5fb4807fcec58ae247364|16993045096036494.js,0
JeionAWard,https://jeionward.com/templates/yootheme/vendor/assets/uikit/dist/js/uikit.min.js?4.1.1.js,html/House/JeionAWard/javascript/uikit.min?4.1.1|16993045099761794.js,0
JeionAWard,https://jeionward.com/templates/yootheme/vendor/assets/uikit/dist/js/uikit-icons-balou.min.js?4.1.1.js,html/House/JeionAWard/javascript/uikit-icons-balou.min?4.1.1|16993045101892872.js,0
JeionAWard,https://jeionward.com/templates/yootheme/js/theme.js?4.1.1.js,html/House/JeionAWard/javascript/theme?4.1.1|16993045103654175.js,0
ChristieNewCraig,https://img1.wsimg.com/blobby/go/2d0664f8-88d6-46a3-9a00-35c4c18dc2ad/gpub/df06ffd03064a4a/script.js,html/Senate/ChristieNewCraig/javascript/script|16993045106074834.js,0
ChristieNewCraig,https://img1.wsimg.com/ceph-p3-01/website-builder-data-prod/static/widgets/UX.4.34.4.js,html/Senate/ChristieNewCraig/javascript/UX.4.34.4|16993045108262854.js,0
ChristieNewCraig,https://img1.wsimg.com/blobby/go/2d0664f8-88d6-46a3-9a00-35c4c18dc2ad/gpub/6943691bf8bc5a1/script.js,html/Senate/ChristieNewCraig/javascript/script|16993045109697585.js,0
ChristieNewCraig,https://img1.wsimg.com/traffic-assets/js/tccl.min.js,html/Senate/ChristieNewCraig/javascript/tccl.min|16993045111345513.js,0
MarkJLux,https://static.parastorage.com/unpkg/core-js-bundle@3.2.1/minified.js,html/House/MarkJLux/javascript/minified|1699304511284258.js,1
MarkJLux,https://static.parastorage.com/unpkg/focus-within-polyfill@5.0.9/dist/focus-within-polyfill.js,html/House/MarkJLux/javascript/focus-within-polyfill|169930451144623.js,1
MarkJLux,https://polyfill.io/v3/polyfill.min.js?features=fetch.js,html/House/MarkJLux/javascript/polyfill.min?features=fetch|16993045116726696.js,1
MarkJLux,https://static.parastorage.com/services/wix-thunderbolt/dist/thunderbolt-commons.61787a30.bundle.min.js,html/House/MarkJLux/javascript/thunderbolt-commons.61787a30.bundle.min|16993045117975256.js,1
MarkJLux,https://static.parastorage.com/services/wix-thunderbolt/dist/main.8d593539.bundle.min.js,html/House/MarkJLux/javascript/main.8d593539.bundle.min|16993045119992754.js,1
MarkJLux,https://static.parastorage.com/unpkg/lodash@4.17.21/lodash.min.js,html/House/MarkJLux/javascript/lodash.min|16993045121424274.js,1
MarkJLux,https://static.parastorage.com/unpkg/react@18.1.0/umd/react.production.min.js,html/House/MarkJLux/javascript/react.production.min|16993045122636263.js,1
MarkJLux,https://static.parastorage.com/unpkg/react-dom@18.1.0/umd/react-dom.production.min.js,html/House/MarkJLux/javascript/react-dom.production.min|16993045124584005.js,1
MarkJLux,https://static.parastorage.com/services/tag-manager-client/1.820.0/siteTags.bundle.min.js,html/House/MarkJLux/javascript/siteTags.bundle.min|16993045125856795.js,1
MarkJLux,https://static.parastorage.com/services/wix-perf-measure/1.1095.0/wix-perf-measure.umd.min.js,html/House/MarkJLux/javascript/wix-perf-measure.umd.min|1699304512746078.js,1
DucMTruong,https://static.parastorage.com/services/wix-thunderbolt/dist/thunderbolt-commons.6fc865c6.bundle.min.js,html/House/DucMTruong/javascript/thunderbolt-commons.6fc865c6.bundle.min|16993045129799771.js,0
DucMTruong,https://static.parastorage.com/services/wix-thunderbolt/dist/main.1fa7a1cb.bundle.min.js,html/House/DucMTruong/javascript/main.1fa7a1cb.bundle.min|16993045131107328.js,0
DucMTruong,https://static.parastorage.com/unpkg/react@16.14.0/umd/react.production.min.js,html/House/DucMTruong/javascript/react.production.min|1699304513288336.js,0
DucMTruong,https://static.parastorage.com/unpkg/react-dom@16.14.0/umd/react-dom.production.min.js,html/House/DucMTruong/javascript/react-dom.production.min|16993045134652994.js,0
JohnQSmith,https://www.johnqforva.org/files/templateArtifacts.js?1699200671.js,html/House/JohnQSmith/javascript/templateArtifacts?1699200671|16993045142141182.js,0
JohnQSmith,https://cdn2.editmysite.com/js/jquery-1.8.3.min.js,html/House/JohnQSmith/javascript/jquery-1.8.3.min|16993045143725758.js,0
JohnQSmith,https://cdn2.editmysite.com/js/lang/en/stl.js?buildTime=1699145389&.js,html/House/JohnQSmith/javascript/stl?buildTime=1699145389&|16993045145624435.js,0
JohnQSmith,https://cdn2.editmysite.com/js/site/main.js?buildTime=1699145389.js,html/House/JohnQSmith/javascript/main?buildTime=1699145389|16993045147333848.js,0
JohnQSmith,https://cdn2.editmysite.com/js/old/slideshow-jq.js?buildTime=1699145389.js,html/House/JohnQSmith/javascript/slideshow-jq?buildTime=1699145389|1699304514852106.js,0
JohnQSmith,https://www.johnqforva.org/files/theme/plugins.js?1686650688.js,html/House/JohnQSmith/javascript/plugins?1686650688|16993045154805195.js,0
JohnQSmith,https://www.johnqforva.org/files/theme/custom.js?1686650688.js,html/House/JohnQSmith/javascript/custom?1686650688|1699304515935004.js,0
JohnQSmith,https://cdn2.editmysite.com/js/site/main-customer-accounts-site.js?buildTime=1699145389.js,html/House/JohnQSmith/javascript/main-customer-accounts-site?buildTime=1699145389|16993045161425953.js,0
DebraDGardner,https://149562801.v2.pressablecdn.com/wp-includes/js/jquery/jquery.min.js?ver=3.7.0.js,html/House/DebraDGardner/javascript/jquery.min?ver=3.7.0|16993045163807285.js,0
DebraDGardner,https://149562801.v2.pressablecdn.com/wp-includes/js/jquery/jquery-migrate.min.js?ver=3.4.1.js,html/House/DebraDGardner/javascript/jquery-migrate.min?ver=3.4.1|16993045165121388.js,0
DebraDGardner,https://static.everyaction.com/ea-actiontag/at.js,html/House/DebraDGardner/javascript/at|169930451677376.js,0
DebraDGardner,https://149562801.v2.pressablecdn.com/wp-content/plugins/coblocks/dist/js/coblocks-animation.js?ver=3.1.2.js,html/House/DebraDGardner/javascript/coblocks-animation?ver=3.1.2|16993045169925797.js,0
DebraDGardner,https://149562801.v2.pressablecdn.com/wp-content/plugins/coblocks/dist/js/vendors/tiny-swiper.js?ver=3.1.2.js,html/House/DebraDGardner/javascript/tiny-swiper?ver=3.1.2|16993045171538937.js,0
DebraDGardner,https://149562801.v2.pressablecdn.com/wp-content/plugins/coblocks/dist/js/coblocks-tinyswiper-initializer.js?ver=3.1.2.js,html/House/DebraDGardner/javascript/coblocks-tinyswiper-initializer?ver=3.1.2|16993045173039508.js,0
DebraDGardner,https://149562801.v2.pressablecdn.com/wp-content/themes/TFC-Basic-Theme-master/js/navigation.js?ver=1.1.3.js,html/House/DebraDGardner/javascript/navigation?ver=1.1.3|16993045176106596.js,0
DebraDGardner,https://149562801.v2.pressablecdn.com/wp-content/themes/TFC-Basic-Theme-master/js/skip-link-focus-fix.js?ver=1.1.3.js,html/House/DebraDGardner/javascript/skip-link-focus-fix?ver=1.1.3|16993045178171978.js,0
DebraDGardner,https://149562801.v2.pressablecdn.com/wp-content/themes/TFC-Basic-Theme-master/js/fitvids.js?ver=1.1.3.js,html/House/DebraDGardner/javascript/fitvids?ver=1.1.3|1699304517950653.js,0
DebraDGardner,https://149562801.v2.pressablecdn.com/wp-content/plugins/elementor-pro/assets/js/webpack-pro.runtime.min.js?ver=3.15.1.js,html/House/DebraDGardner/javascript/webpack-pro.runtime.min?ver=3.15.1|16993045180937634.js,0
DebraDGardner,https://149562801.v2.pressablecdn.com/wp-content/plugins/elementor/assets/js/webpack.runtime.min.js?ver=3.15.3.js,html/House/DebraDGardner/javascript/webpack.runtime.min?ver=3.15.3|16993045182502768.js,0
DebraDGardner,https://149562801.v2.pressablecdn.com/wp-content/plugins/elementor/assets/js/frontend-modules.min.js?ver=3.15.3.js,html/House/DebraDGardner/javascript/frontend-modules.min?ver=3.15.3|16993045184261816.js,0
DebraDGardner,https://149562801.v2.pressablecdn.com/wp-includes/js/dist/vendor/wp-polyfill-inert.min.js?ver=3.1.2.js,html/House/DebraDGardner/javascript/wp-polyfill-inert.min?ver=3.1.2|1699304518642081.js,0
DebraDGardner,https://149562801.v2.pressablecdn.com/wp-includes/js/dist/vendor/regenerator-runtime.min.js?ver=0.13.11.js,html/House/DebraDGardner/javascript/regenerator-runtime.min?ver=0.13.11|16993045188222473.js,0
DebraDGardner,https://149562801.v2.pressablecdn.com/wp-includes/js/dist/vendor/wp-polyfill.min.js?ver=3.15.0.js,html/House/DebraDGardner/javascript/wp-polyfill.min?ver=3.15.0|16993045189483821.js,0
DebraDGardner,https://149562801.v2.pressablecdn.com/wp-includes/js/dist/hooks.min.js?ver=c6aec9a8d4e5a5d543a1.js,html/House/DebraDGardner/javascript/hooks.min?ver=c6aec9a8d4e5a5d543a1|16993045191081033.js,0
DebraDGardner,https://149562801.v2.pressablecdn.com/wp-includes/js/dist/i18n.min.js?ver=7701b0c3857f914212ef.js,html/House/DebraDGardner/javascript/i18n.min?ver=7701b0c3857f914212ef|1699304519278324.js,0
DebraDGardner,https://149562801.v2.pressablecdn.com/wp-content/plugins/elementor-pro/assets/js/frontend.min.js?ver=3.15.1.js,html/House/DebraDGardner/javascript/frontend.min?ver=3.15.1|16993045194009113.js,0
DebraDGardner,https://149562801.v2.pressablecdn.com/wp-content/plugins/elementor/assets/lib/waypoints/waypoints.min.js?ver=4.0.2.js,html/House/DebraDGardner/javascript/waypoints.min?ver=4.0.2|1699304519582621.js,0
DebraDGardner,https://149562801.v2.pressablecdn.com/wp-includes/js/jquery/ui/core.min.js?ver=1.13.2.js,html/House/DebraDGardner/javascript/core.min?ver=1.13.2|16993045197144454.js,0
DebraDGardner,https://149562801.v2.pressablecdn.com/wp-content/plugins/elementor/assets/js/frontend.min.js?ver=3.15.3.js,html/House/DebraDGardner/javascript/frontend.min?ver=3.15.3|16993045198344872.js,0
DebraDGardner,https://149562801.v2.pressablecdn.com/wp-content/plugins/elementor-pro/assets/js/elements-handlers.min.js?ver=3.15.1.js,html/House/DebraDGardner/javascript/elements-handlers.min?ver=3.15.1|1699304520028916.js,0
DonLScottJr,https://149869134.v2.pressablecdn.com/wp-includes/js/jquery/jquery.min.js?ver=3.7.0.js,html/House/DonLScottJr/javascript/jquery.min?ver=3.7.0|16993045203083167.js,0
DonLScottJr,https://149869134.v2.pressablecdn.com/wp-includes/js/jquery/jquery-migrate.min.js?ver=3.4.1.js,html/House/DonLScottJr/javascript/jquery-migrate.min?ver=3.4.1|16993045205089538.js,0
DonLScottJr,https://149869134.v2.pressablecdn.com/wp-content/plugins/essential-blocks/assets/js/eb-blocks-localize.js?ver=4.3.6.js,html/House/DonLScottJr/javascript/eb-blocks-localize?ver=4.3.6|16993045206958084.js,0
DonLScottJr,https://149869134.v2.pressablecdn.com/wp-content/uploads/premium-addons-elementor/pa-frontend-2fe868524.min.js?ver=1699304509.js,html/House/DonLScottJr/javascript/pa-frontend-2fe868524.min?ver=1699304509|16993045208474429.js,0
DonLScottJr,https://149869134.v2.pressablecdn.com/wp-content/themes/hello-elementor/assets/js/hello-frontend.min.js?ver=1.0.0.js,html/House/DonLScottJr/javascript/hello-frontend.min?ver=1.0.0|16993045210315187.js,0
DonLScottJr,https://149869134.v2.pressablecdn.com/wp-content/plugins/essential-addons-for-elementor-lite/assets/front-end/js/view/general.min.js?ver=5.8.13.js,html/House/DonLScottJr/javascript/general.min?ver=5.8.13|16993045212412076.js,0
DonLScottJr,https://149869134.v2.pressablecdn.com/wp-content/uploads/essential-addons-elementor/eael-6.js?ver=1682519889.js,html/House/DonLScottJr/javascript/eael-6?ver=1682519889|16993045213573105.js,0
DonLScottJr,https://stats.wp.com/e-202345.js,html/House/DonLScottJr/javascript/e-202345|16993045214753537.js,0
DonLScottJr,https://149869134.v2.pressablecdn.com/wp-content/plugins/elementor-pro/assets/lib/smartmenus/jquery.smartmenus.min.js?ver=1.0.1.js,html/House/DonLScottJr/javascript/jquery.smartmenus.min?ver=1.0.1|16993045215940464.js,0
DonLScottJr,https://149869134.v2.pressablecdn.com/wp-content/plugins/premium-addons-for-elementor/assets/frontend/min-js/universal-tilt.min.js?ver=4.10.14.js,html/House/DonLScottJr/javascript/universal-tilt.min?ver=4.10.14|1699304521740535.js,0
DonLScottJr,https://149869134.v2.pressablecdn.com/wp-content/plugins/premium-addons-for-elementor/assets/frontend/min-js/premium-dis-conditions.min.js?ver=4.10.14.js,html/House/DonLScottJr/javascript/premium-dis-conditions.min?ver=4.10.14|16993045218759012.js,0
DonLScottJr,https://149869134.v2.pressablecdn.com/wp-includes/js/imagesloaded.min.js?ver=4.1.4.js,html/House/DonLScottJr/javascript/imagesloaded.min?ver=4.1.4|16993045220058498.js,0
DonLScottJr,https://149869134.v2.pressablecdn.com/wp-content/plugins/elementor/assets/lib/font-awesome/js/v4-shims.min.js?ver=5.8.13.js,html/House/DonLScottJr/javascript/v4-shims.min?ver=5.8.13|16993045221409054.js,0
DonLScottJr,https://149869134.v2.pressablecdn.com/wp-content/plugins/elementor-pro/assets/js/webpack-pro.runtime.min.js?ver=3.17.1.js,html/House/DonLScottJr/javascript/webpack-pro.runtime.min?ver=3.17.1|16993045222866914.js,0
DonLScottJr,https://149869134.v2.pressablecdn.com/wp-content/plugins/elementor/assets/js/webpack.runtime.min.js?ver=3.17.2.js,html/House/DonLScottJr/javascript/webpack.runtime.min?ver=3.17.2|1699304522502226.js,0
DonLScottJr,https://149869134.v2.pressablecdn.com/wp-content/plugins/elementor/assets/js/frontend-modules.min.js?ver=3.17.2.js,html/House/DonLScottJr/javascript/frontend-modules.min?ver=3.17.2|16993045237909238.js,0
DonLScottJr,https://149869134.v2.pressablecdn.com/wp-includes/js/dist/vendor/wp-polyfill-inert.min.js?ver=3.1.2.js,html/House/DonLScottJr/javascript/wp-polyfill-inert.min?ver=3.1.2|16993045239594514.js,0
DonLScottJr,https://149869134.v2.pressablecdn.com/wp-includes/js/dist/vendor/regenerator-runtime.min.js?ver=0.13.11.js,html/House/DonLScottJr/javascript/regenerator-runtime.min?ver=0.13.11|16993045240788987.js,0
DonLScottJr,https://149869134.v2.pressablecdn.com/wp-includes/js/dist/vendor/wp-polyfill.min.js?ver=3.15.0.js,html/House/DonLScottJr/javascript/wp-polyfill.min?ver=3.15.0|1699304524241268.js,0
DonLScottJr,https://149869134.v2.pressablecdn.com/wp-includes/js/dist/hooks.min.js?ver=c6aec9a8d4e5a5d543a1.js,html/House/DonLScottJr/javascript/hooks.min?ver=c6aec9a8d4e5a5d543a1|16993045243543475.js,0
DonLScottJr,https://149869134.v2.pressablecdn.com/wp-includes/js/dist/i18n.min.js?ver=7701b0c3857f914212ef.js,html/House/DonLScottJr/javascript/i18n.min?ver=7701b0c3857f914212ef|1699304524477211.js,0
DonLScottJr,https://149869134.v2.pressablecdn.com/wp-content/plugins/elementor-pro/assets/js/frontend.min.js?ver=3.17.1.js,html/House/DonLScottJr/javascript/frontend.min?ver=3.17.1|16993045245940564.js,0
DonLScottJr,https://149869134.v2.pressablecdn.com/wp-content/plugins/elementor/assets/lib/waypoints/waypoints.min.js?ver=4.0.2.js,html/House/DonLScottJr/javascript/waypoints.min?ver=4.0.2|16993045247983687.js,0
DonLScottJr,https://149869134.v2.pressablecdn.com/wp-includes/js/jquery/ui/core.min.js?ver=1.13.2.js,html/House/DonLScottJr/javascript/core.min?ver=1.13.2|16993045249754632.js,0
DonLScottJr,https://149869134.v2.pressablecdn.com/wp-content/plugins/elementor/assets/js/frontend.min.js?ver=3.17.2.js,html/House/DonLScottJr/javascript/frontend.min?ver=3.17.2|16993045251307817.js,0
DonLScottJr,https://149869134.v2.pressablecdn.com/wp-content/plugins/elementor-pro/assets/js/elements-handlers.min.js?ver=3.17.1.js,html/House/DonLScottJr/javascript/elements-handlers.min?ver=3.17.1|16993045252586496.js,0
DonLScottJr,https://149869134.v2.pressablecdn.com/wp-content/plugins/elementor-pro/assets/lib/sticky/jquery.sticky.min.js?ver=3.17.1.js,html/House/DonLScottJr/javascript/jquery.sticky.min?ver=3.17.1|16993045253963609.js,0
WChadGreen,https://greenfordelegate.com/wp-content/plugins/bluehost-wordpress-plugin/vendor/newfold-labs/wp-module-patterns/assets/build/utilities.js?ver=0.1.8.js,html/House/WChadGreen/javascript/utilities?ver=0.1.8|16993045259210675.js,0
WChadGreen,https://greenfordelegate.com/wp-includes/js/jquery/jquery.min.js?ver=3.7.0.js,html/House/WChadGreen/javascript/jquery.min?ver=3.7.0|16993045266592867.js,0
WChadGreen,https://greenfordelegate.com/wp-content/uploads/fusion-scripts/f75108cfde702e8ae5fef2934de86027.min.js?ver=3.11.2.js,html/House/WChadGreen/javascript/f75108cfde702e8ae5fef2934de86027.min?ver=3.11.2|16993045280546045.js,0
PhilipAHamilton,https://ajax.googleapis.com/ajax/libs/jquery/1.12.0/jquery.min.js,html/Senate/PhilipAHamilton/javascript/jquery.min|16993045782440786.js,0
PhilipAHamilton,https://www.hamiltonforvasenate.com/wp-includes/js/jquery/jquery.min.js?ver=3.7.0.js,html/Senate/PhilipAHamilton/javascript/jquery.min?ver=3.7.0|16993045787222753.js,0
PhilipAHamilton,https://www.hamiltonforvasenate.com/wp-includes/js/jquery/jquery-migrate.min.js?ver=3.4.1.js,html/Senate/PhilipAHamilton/javascript/jquery-migrate.min?ver=3.4.1|16993045790196004.js,0
PhilipAHamilton,https://www.hamiltonforvasenate.com/wp-content/plugins/gravity-forms-placeholders/gf.placeholders.js?ver=1.0.js,html/Senate/PhilipAHamilton/javascript/gf.placeholders?ver=1.0|1699304579338306.js,0
PhilipAHamilton,https://www.googletagmanager.com/gtag/js?id=G-X0LXWMX6ED.js,html/Senate/PhilipAHamilton/javascript/js?id=G-X0LXWMX6ED|16993045795318685.js,0
PhilipAHamilton,https://www.hamiltonforvasenate.com/cdn-cgi/scripts/5c5dd728/cloudflare-static/email-decode.min.js,html/Senate/PhilipAHamilton/javascript/email-decode.min|16993045796923873.js,0
PhilipAHamilton,https://www.hamiltonforvasenate.com/wp-includes/js/dist/vendor/wp-polyfill-inert.min.js?ver=3.1.2.js,html/Senate/PhilipAHamilton/javascript/wp-polyfill-inert.min?ver=3.1.2|16993045800055184.js,0
PhilipAHamilton,https://www.hamiltonforvasenate.com/wp-includes/js/dist/vendor/regenerator-runtime.min.js?ver=0.13.11.js,html/Senate/PhilipAHamilton/javascript/regenerator-runtime.min?ver=0.13.11|1699304580367584.js,0
PhilipAHamilton,https://www.hamiltonforvasenate.com/wp-includes/js/dist/vendor/wp-polyfill.min.js?ver=3.15.0.js,html/Senate/PhilipAHamilton/javascript/wp-polyfill.min?ver=3.15.0|16993045806673439.js,0
PhilipAHamilton,https://www.hamiltonforvasenate.com/wp-includes/js/dist/dom-ready.min.js?ver=392bdd43726760d1f3ca.js,html/Senate/PhilipAHamilton/javascript/dom-ready.min?ver=392bdd43726760d1f3ca|16993045810312982.js,0
PhilipAHamilton,https://www.hamiltonforvasenate.com/wp-includes/js/dist/hooks.min.js?ver=c6aec9a8d4e5a5d543a1.js,html/Senate/PhilipAHamilton/javascript/hooks.min?ver=c6aec9a8d4e5a5d543a1|16993045813416789.js,0
PhilipAHamilton,https://www.hamiltonforvasenate.com/wp-includes/js/dist/i18n.min.js?ver=7701b0c3857f914212ef.js,html/Senate/PhilipAHamilton/javascript/i18n.min?ver=7701b0c3857f914212ef|16993045816329713.js,0
PhilipAHamilton,https://www.hamiltonforvasenate.com/wp-includes/js/dist/a11y.min.js?ver=7032343a947cfccf5608.js,html/Senate/PhilipAHamilton/javascript/a11y.min?ver=7032343a947cfccf5608|16993045819179046.js,0
PhilipAHamilton,https://www.hamiltonforvasenate.com/wp-content/plugins/gravityforms/js/jquery.json.min.js?ver=2.7.16.js,html/Senate/PhilipAHamilton/javascript/jqueryon.min?ver=2.7.16|1699304582202526.js,0
PhilipAHamilton,https://www.hamiltonforvasenate.com/wp-content/plugins/gravityforms/js/gravityforms.min.js?ver=2.7.16.js,html/Senate/PhilipAHamilton/javascript/gravityforms.min?ver=2.7.16|1699304582504645.js,0
PhilipAHamilton,https://www.hamiltonforvasenate.com/wp-content/plugins/gravityforms/js/jquery.maskedinput.min.js?ver=2.7.16.js,html/Senate/PhilipAHamilton/javascript/jquery.maskedinput.min?ver=2.7.16|16993045828193982.js,0
PhilipAHamilton,https://www.hamiltonforvasenate.com/wp-content/plugins/gravityforms/assets/js/dist/utils.min.js?ver=59d951b75d934ae23e0ea7f9776264aa.js,html/Senate/PhilipAHamilton/javascript/utils.min?ver=59d951b75d934ae23e0ea7f9776264aa|16993045831386204.js,0
PhilipAHamilton,https://www.hamiltonforvasenate.com/wp-content/plugins/gravityforms/assets/js/dist/vendor-theme.min.js?ver=4ef53fe41c14a48b294541d9fc37387e.js,html/Senate/PhilipAHamilton/javascript/vendor-theme.min?ver=4ef53fe41c14a48b294541d9fc37387e|16993045834763167.js,0
PhilipAHamilton,https://www.hamiltonforvasenate.com/wp-content/plugins/gravityforms/assets/js/dist/scripts-theme.min.js?ver=f4d12a887a23a8c5755fd2b956bc8fcf.js,html/Senate/PhilipAHamilton/javascript/scripts-theme.min?ver=f4d12a887a23a8c5755fd2b956bc8fcf|16993045837712305.js,0
PhilipAHamilton,https://www.hamiltonforvasenate.com/wp-content/themes/hamiltonforvasenate/bootstrap/js/bootstrap.js,html/Senate/PhilipAHamilton/javascript/bootstrap|16993045839247355.js,0
DouglassHaydenFisher,https://use.typekit.net/ik/3d2_ORIyOPu1aFjzfahZMuVimcvbDuOTw6gI9YC2pR3fenJIfFHN4UJLFRbh52jhWDjX5QMo52JX52JuFAjoweFyFhsyZeIhjy71MkG0jAFu-WsoShFGZAsude80ZkoRdhXCHKoyjamTiY8Djhy8ZYmC-Ao1Oco8if37OcBDOcu8OfG0-eBoZem0ZcNkic8kZh80-AI0SaBujW48Sagyjh90jhNlOfG0SaBujW48SagyjhmDjhy8ZYmC-Ao1OcFzdPUyjamTiY8Djhy8ZYmC-Ao1OcFzdPUyjamTiY8Djhy8ZYmC-Ao1Oco8ifUySkolZPUGjW8qZAoc-WFGZW4cda4h-W41-AoTjPoRdhXC-eBoZem0ZcNkic8kZh80-AI0SaBujW48Sagyjh90jhNlOeUzjhBC-eNDifUDSWmyScmDSeBRZWFR-emqiAUTdcS0jhNlOYiaikoyjamTiY8Djhy8ZYmC-Ao1OcFzdPUaiaS0jAFu-WsoShFGZAsude80Zko0ZWbCiaiaOcBDOcu8OYiaikoGjW8qZAoc-WFGZW4cda4h-W41-AoTjPoRdhXCiaiaOcyypAs8dcZzS1ZTSciTdc8yO1FUiABkZWF3jAF8OcFzdPUaiaS0SaBujW48SagyjhmDjhy8ZYmC-Ao1OcFzdPJwZWsGdcNRZAoXSc8RJ6TliWF8dkuDjAoDH6qJ0MJbMg6gJMJ7fbKrMyMMeMS6MKG4fOvfIMMjIPMfH6qJhbvbMs6YJMJ7fbRd2UMgeMq6MKG4fFGVIMIjIPMfqMYb0SPcg6.js,html/Senate/DouglassHaydenFisher/javascript/iTdc8yO1FUiABkZWF3jAF8OcFzdPUaiaS0SaBujW48SagyjhmDjhy8ZYmC-Ao1OcFzdPJwZWsGdcNRZAoXSc8RJ6TliWF8dkuDjAoDH6qJ0MJbMg6gJMJ7fbKrMyMMeMS6MKG4fOvfIMMjIPMfH6qJhbvbMs6YJMJ7fbRd2UMgeMq6MKG4fFGVIMIjIPMfqMYb0SPcg6|16993045965811372.js,0
DouglassHaydenFisher,https://assets.squarespace.com/@sqs/polyfiller/1.6/legacy.js,html/Senate/DouglassHaydenFisher/javascript/legacy|16993045967646494.js,0
DouglassHaydenFisher,https://assets.squarespace.com/@sqs/polyfiller/1.6/modern.js,html/Senate/DouglassHaydenFisher/javascript/modern|16993045969809859.js,0
DouglassHaydenFisher,https://assets.squarespace.com/universal/scripts-compressed/extract-css-runtime-d69e29a81aaf116aa2a66-min.en-US.js,html/Senate/DouglassHaydenFisher/javascript/extract-css-runtime-d69e29a81aaf116aa2a66-min.en-US|1699304597105758.js,0
DouglassHaydenFisher,https://assets.squarespace.com/universal/scripts-compressed/extract-css-moment-js-vendor-e67ac5a108455ec4edca7-min.en-US.js,html/Senate/DouglassHaydenFisher/javascript/extract-css-moment-js-vendor-e67ac5a108455ec4edca7-min.en-US|16993045972756834.js,0
DouglassHaydenFisher,https://assets.squarespace.com/universal/scripts-compressed/cldr-resource-pack-110eab6cc05faf9931604-min.en-US.js,html/Senate/DouglassHaydenFisher/javascript/cldr-resource-pack-110eab6cc05faf9931604-min.en-US|1699304597468699.js,0
DouglassHaydenFisher,https://assets.squarespace.com/universal/scripts-compressed/common-vendors-stable-24fce0995a3bad854c53e-min.en-US.js,html/Senate/DouglassHaydenFisher/javascript/common-vendors-stable-24fce0995a3bad854c53e-min.en-US|16993045976105094.js,0
DouglassHaydenFisher,https://assets.squarespace.com/universal/scripts-compressed/common-vendors-f723a4a173ed8fa3bd7e2-min.en-US.js,html/Senate/DouglassHaydenFisher/javascript/common-vendors-f723a4a173ed8fa3bd7e2-min.en-US|1699304597853698.js,0
DouglassHaydenFisher,https://assets.squarespace.com/universal/scripts-compressed/common-95501ecb88c526f9383c2-min.en-US.js,html/Senate/DouglassHaydenFisher/javascript/common-95501ecb88c526f9383c2-min.en-US|16993045981042154.js,0
DouglassHaydenFisher,https://assets.squarespace.com/universal/scripts-compressed/performance-886cb8aa27d4aae4c1f1b-min.en-US.js,html/Senate/DouglassHaydenFisher/javascript/performance-886cb8aa27d4aae4c1f1b-min.en-US|16993045983418539.js,0
DouglassHaydenFisher,https://assets.squarespace.com/universal/scripts-compressed/extension-scripts-9c866ca46856c32a3be4b-min.en-US.js,html/Senate/DouglassHaydenFisher/javascript/extension-scripts-9c866ca46856c32a3be4b-min.en-US|16993045985456326.js,0
DouglassHaydenFisher,https://static1.squarespace.com/static/vta/5c5a519771c10ba3470d8101/scripts/site-bundle.8c6443f146bfa4988d59d1656613d2fd.js,html/Senate/DouglassHaydenFisher/javascript/site-bundle.8c6443f146bfa4988d59d1656613d2fd|1699304598827523.js,0
ChristieNewCraig,https://img1.wsimg.com/blobby/go/2d0664f8-88d6-46a3-9a00-35c4c18dc2ad/gpub/138d2491f75a995f/script.js,html/Senate/ChristieNewCraig/javascript/script|16993045990661643.js,1
ChristieNewCraig,https://img1.wsimg.com/blobby/go/2d0664f8-88d6-46a3-9a00-35c4c18dc2ad/gpub/b241845e1e123a79/script.js,html/Senate/ChristieNewCraig/javascript/script|1699304599268364.js,1
JeionAWard,https://jeionward.com/media/vendor/jquery/js/jquery.min.js?3.6.3.js,html/House/JeionAWard/javascript/jquery.min?3.6.3|16993045995396564.js,1
JeionAWard,https://jeionward.com/media/legacy/js/jquery-noconflict.min.js?04499b98c0305b16b373dff09fe79d1290976288.js,html/House/JeionAWard/javascript/jquery-noconflict.min?04499b98c0305b16b373dff09fe79d1290976288|16993045997893567.js,1
JeionAWard,https://jeionward.com/media/system/js/core.min.js?576eb51da909dcf692c98643faa6fc89629ead18.js,html/House/JeionAWard/javascript/core.min?576eb51da909dcf692c98643faa6fc89629ead18|16993046000450351.js,1
JeionAWard,https://jeionward.com/media/system/js/messages-es5.min.js?44e3f60beada646706be6569e75b36f7cf293bf9.js,html/House/JeionAWard/javascript/messages-es5.min?44e3f60beada646706be6569e75b36f7cf293bf9|16993046002377365.js,1
JeionAWard,https://jeionward.com/media/system/js/messages.min.js?7425e8d1cb9e4f061d5e30271d6d99b085344117.js,html/House/JeionAWard/javascript/messages.min?7425e8d1cb9e4f061d5e30271d6d99b085344117|1699304600409649.js,1
JeionAWard,https://jeionward.com/plugins/system/jcemediabox/js/jcemediabox.min.js?5fd08c89b5f5fb4807fcec58ae247364.js,html/House/JeionAWard/javascript/jcemediabox.min?5fd08c89b5f5fb4807fcec58ae247364|16993046006180503.js,1
JeionAWard,https://jeionward.com/templates/yootheme/vendor/assets/uikit/dist/js/uikit.min.js?4.1.1.js,html/House/JeionAWard/javascript/uikit.min?4.1.1|16993046008619924.js,1
JeionAWard,https://jeionward.com/templates/yootheme/vendor/assets/uikit/dist/js/uikit-icons-balou.min.js?4.1.1.js,html/House/JeionAWard/javascript/uikit-icons-balou.min?4.1.1|1699304601164922.js,1
JeionAWard,https://jeionward.com/templates/yootheme/js/theme.js?4.1.1.js,html/House/JeionAWard/javascript/theme?4.1.1|16993046013375363.js,1
KarenLJenkins,https://img1.wsimg.com/blobby/go/93e02824-46f3-41d4-a5d5-36fe938233b5/gpub/edef8a2cee6aa1b6/script.js,html/House/KarenLJenkins/javascript/script|16993046016041174.js,0
KarenLJenkins,https://img1.wsimg.com/blobby/go/93e02824-46f3-41d4-a5d5-36fe938233b5/gpub/1e49f5f3094ddee2/script.js,html/House/KarenLJenkins/javascript/script|16993046017494218.js,0
ChristieNewCraig,https://img1.wsimg.com/blobby/go/2d0664f8-88d6-46a3-9a00-35c4c18dc2ad/gpub/e547591232499fa7/script.js,html/Senate/ChristieNewCraig/javascript/script|16993046019984593.js,1
ChristieNewCraig,https://img1.wsimg.com/blobby/go/2d0664f8-88d6-46a3-9a00-35c4c18dc2ad/gpub/ed419120bc47fbf5/script.js,html/Senate/ChristieNewCraig/javascript/script|16993046021538947.js,1
ChristieNewCraig,https://img1.wsimg.com/blobby/go/2d0664f8-88d6-46a3-9a00-35c4c18dc2ad/gpub/940fc5cb95a0a23a/script.js,html/Senate/ChristieNewCraig/javascript/script|16993046024685674.js,1
ChristieNewCraig,https://img1.wsimg.com/blobby/go/2d0664f8-88d6-46a3-9a00-35c4c18dc2ad/gpub/8a95f54002f7d98c/script.js,html/Senate/ChristieNewCraig/javascript/script|16993046026176257.js,1
ChristieNewCraig,https://img1.wsimg.com/blobby/go/2d0664f8-88d6-46a3-9a00-35c4c18dc2ad/gpub/f5e03dd3a625408a/script.js,html/Senate/ChristieNewCraig/javascript/script|16993046028510625.js,1
ChristieNewCraig,https://img1.wsimg.com/blobby/go/2d0664f8-88d6-46a3-9a00-35c4c18dc2ad/gpub/23d8d7fb8b525a25/script.js,html/Senate/ChristieNewCraig/javascript/script|16993046030504045.js,1
ChristieNewCraig,https://img1.wsimg.com/blobby/go/2d0664f8-88d6-46a3-9a00-35c4c18dc2ad/gpub/296282b84d41b557/script.js,html/Senate/ChristieNewCraig/javascript/script|16993046034710994.js,1
ChristieNewCraig,https://img1.wsimg.com/blobby/go/2d0664f8-88d6-46a3-9a00-35c4c18dc2ad/gpub/21fafd7b9d67bee2/script.js,html/Senate/ChristieNewCraig/javascript/script|16993046036609328.js,1
ChristieNewCraig,https://img1.wsimg.com/blobby/go/2d0664f8-88d6-46a3-9a00-35c4c18dc2ad/gpub/e05a84c16f16f5e9/script.js,html/Senate/ChristieNewCraig/javascript/script|16993046043713136.js,1
ChristieNewCraig,https://img1.wsimg.com/blobby/go/2d0664f8-88d6-46a3-9a00-35c4c18dc2ad/gpub/9304efb036be3094/script.js,html/Senate/ChristieNewCraig/javascript/script|1699304604525544.js,1
DebraDGardner,https://149562801.v2.pressablecdn.com/wp-content/plugins/elementor-pro/assets/lib/smartmenus/jquery.smartmenus.min.js?ver=1.0.1.js,html/House/DebraDGardner/javascript/jquery.smartmenus.min?ver=1.0.1|16993046047776744.js,1
WChadGreen,https://greenfordelegate.com/wp-content/uploads/fusion-scripts/e5590e31f451c7694b1097b476c29437.min.js?ver=3.11.2.js,html/House/WChadGreen/javascript/e5590e31f451c7694b1097b476c29437.min?ver=3.11.2|16993046070028236.js,1
WChadGreen,https://greenfordelegate.com/wp-content/uploads/fusion-scripts/c7de2d563a700ea255f7910d880a2330.min.js?ver=3.11.2.js,html/House/WChadGreen/javascript/c7de2d563a700ea255f7910d880a2330.min?ver=3.11.2|16993046077580466.js,1
JeionAWard,https://jeionward.com/media/vendor/webcomponentsjs/js/webcomponents-bundle.min.js?2.7.0.js,html/House/JeionAWard/javascript/webcomponents-bundle.min?2.7.0|16993046081800127.js,1
JeionAWard,https://jeionward.com/media/system/js/keepalive-es5.min.js?3deca9a3649c1885dab0a8bc5741f5d824e64aeb.js,html/House/JeionAWard/javascript/keepalive-es5.min?3deca9a3649c1885dab0a8bc5741f5d824e64aeb|16993046083592749.js,1
JeionAWard,https://jeionward.com/media/system/js/joomla-hidden-mail-es5.min.js?86544755a5c7287d31511970d36b3906e8e22dba.js,html/House/JeionAWard/javascript/joomla-hidden-mail-es5.min?86544755a5c7287d31511970d36b3906e8e22dba|16993046085339313.js,1
JeionAWard,https://jeionward.com/media/system/js/keepalive.min.js?94b7329e7ead5aa8faa224be8070af5c97f08af6.js,html/House/JeionAWard/javascript/keepalive.min?94b7329e7ead5aa8faa224be8070af5c97f08af6|16993046087258458.js,1
JeionAWard,https://jeionward.com/media/system/js/joomla-hidden-mail.min.js?6829a5ca62409c5d92c27b7c42bad9e81b3a480a.js,html/House/JeionAWard/javascript/joomla-hidden-mail.min?6829a5ca62409c5d92c27b7c42bad9e81b3a480a|16993046089118106.js,1
JeionAWard,https://jeionward.com/media/com_convertforms/js/site.js?56c6e2cfab53e5b5a8b4249e07a6c8ca.js,html/House/JeionAWard/javascript/site?56c6e2cfab53e5b5a8b4249e07a6c8ca|16993046090845497.js,1
WChadGreen,https://greenfordelegate.com/wp-content/uploads/fusion-scripts/0bfb8a2f8647e5062a6aabf74def9136.min.js?ver=3.11.2.js,html/House/WChadGreen/javascript/0bfb8a2f8647e5062a6aabf74def9136.min?ver=3.11.2|169930460980765.js,1
WChadGreen,https://greenfordelegate.com/wp-content/uploads/fusion-scripts/fb1f69a559e5bdd27e282fe8b8159767.min.js?ver=3.11.2.js,html/House/WChadGreen/javascript/fb1f69a559e5bdd27e282fe8b8159767.min?ver=3.11.2|16993046105889673.js,1
WChadGreen,https://greenfordelegate.com/wp-content/uploads/fusion-scripts/b3bd5181038c99fdf376e15d3b098078.min.js?ver=3.11.2.js,html/House/WChadGreen/javascript/b3bd5181038c99fdf376e15d3b098078.min?ver=3.11.2|16993046114945047.js,1
DouglassHaydenFisher,https://assets.squarespace.com/universal/scripts-compressed/extract-css-runtime-1844bec2455dbde65846f-min.en-US.js,html/Senate/DouglassHaydenFisher/javascript/extract-css-runtime-1844bec2455dbde65846f-min.en-US|169930461319871.js,1
DouglassHaydenFisher,https://assets.squarespace.com/universal/scripts-compressed/common-vendors-5eddcfef330a6b99ae555-min.en-US.js,html/Senate/DouglassHaydenFisher/javascript/common-vendors-5eddcfef330a6b99ae555-min.en-US|16993046134314704.js,1
DouglassHaydenFisher,https://assets.squarespace.com/universal/scripts-compressed/common-6a0800cc8038cc32f5317-min.en-US.js,html/Senate/DouglassHaydenFisher/javascript/common-6a0800cc8038cc32f5317-min.en-US|16993046136752586.js,1
DouglassHaydenFisher,https://assets.squarespace.com/universal/scripts-compressed/performance-4d90cd03ee13a9e1845e0-min.en-US.js,html/Senate/DouglassHaydenFisher/javascript/performance-4d90cd03ee13a9e1845e0-min.en-US|16993046138446116.js,1
HollyMSeibold,https://static.parastorage.com/services/wix-thunderbolt/dist/thunderbolt-commons.a7bbc301.bundle.min.js,html/House/HollyMSeibold/javascript/thunderbolt-commons.a7bbc301.bundle.min|16993046153129518.js,1
HollyMSeibold,https://static.parastorage.com/services/wix-thunderbolt/dist/main.684facb9.bundle.min.js,html/House/HollyMSeibold/javascript/main.684facb9.bundle.min|16993046155143723.js,1
KarenLJenkins,https://img1.wsimg.com/blobby/go/93e02824-46f3-41d4-a5d5-36fe938233b5/gpub/a1dff40d61a168b3/script.js,html/House/KarenLJenkins/javascript/script|16993046158606753.js,1
KarenLJenkins,https://img1.wsimg.com/blobby/go/93e02824-46f3-41d4-a5d5-36fe938233b5/gpub/b88b6dff804924f8/script.js,html/House/KarenLJenkins/javascript/script|16993046160205283.js,1
DouglassHaydenFisher,https://definitions.sqspcdn.com/website-component-definition/static-assets/website.components.shape/17f70bf9-350c-4bc4-a3b4-47b9a12e51f9_3/website.components.shape.visitor.js,html/Senate/DouglassHaydenFisher/javascript/website.components.shape.visitor|16993046163157077.js,1
DouglassHaydenFisher,https://definitions.sqspcdn.com/website-component-definition/static-assets/website.components.shape/17f70bf9-350c-4bc4-a3b4-47b9a12e51f9_3/website.components.shape.handlers.js,html/Senate/DouglassHaydenFisher/javascript/website.components.shape.handlers|16993046164471717.js,1
KarenLJenkins,https://img1.wsimg.com/blobby/go/93e02824-46f3-41d4-a5d5-36fe938233b5/gpub/be1931eeebca63e6/script.js,html/House/KarenLJenkins/javascript/script|1699304616841822.js,1
KarenLJenkins,https://img1.wsimg.com/blobby/go/93e02824-46f3-41d4-a5d5-36fe938233b5/gpub/67676784e75f2f1a/script.js,html/House/KarenLJenkins/javascript/script|16993046169790096.js,1
ChristieNewCraig,https://img1.wsimg.com/blobby/go/2d0664f8-88d6-46a3-9a00-35c4c18dc2ad/gpub/a6850699f9b53e9a/script.js,html/Senate/ChristieNewCraig/javascript/script|16993046173290524.js,2
ChristieNewCraig,https://img1.wsimg.com/blobby/go/2d0664f8-88d6-46a3-9a00-35c4c18dc2ad/gpub/f92fcf0056199451/script.js,html/Senate/ChristieNewCraig/javascript/script|16993046174765708.js,2
KarenLJenkins,https://img1.wsimg.com/blobby/go/93e02824-46f3-41d4-a5d5-36fe938233b5/gpub/726b9792a7a3e7c6/script.js,html/House/KarenLJenkins/javascript/script|16993046178104346.js,1
KarenLJenkins,https://img1.wsimg.com/blobby/go/93e02824-46f3-41d4-a5d5-36fe938233b5/gpub/5331b141d20fd186/script.js,html/House/KarenLJenkins/javascript/script|16993046180112612.js,1
KarenLJenkins,https://img1.wsimg.com/blobby/go/93e02824-46f3-41d4-a5d5-36fe938233b5/gpub/a98c586bc7780558/script.js,html/House/KarenLJenkins/javascript/script|16993046185593176.js,1
KarenLJenkins,https://img1.wsimg.com/blobby/go/93e02824-46f3-41d4-a5d5-36fe938233b5/gpub/3e44bffe2a391a27/script.js,html/House/KarenLJenkins/javascript/script|16993046187808857.js,1
HollyMSeibold,https://static.parastorage.com/services/communities-blog-ooi/1.1150.0/client-viewer/2161.chunk.min.js,html/House/HollyMSeibold/javascript/2161.chunk.min|16993046191491969.js,2
HollyMSeibold,https://static.parastorage.com/services/communities-blog-ooi/1.1150.0/client-viewer/5569.chunk.min.js,html/House/HollyMSeibold/javascript/5569.chunk.min|16993046193393013.js,2
HollyMSeibold,https://static.parastorage.com/services/communities-blog-ooi/1.1150.0/client-viewer/9223.chunk.min.js,html/House/HollyMSeibold/javascript/9223.chunk.min|16993046194568844.js,2
HollyMSeibold,https://static.parastorage.com/services/communities-blog-ooi/1.1150.0/client-viewer/5988.chunk.min.js,html/House/HollyMSeibold/javascript/5988.chunk.min|16993046195779357.js,2
HollyMSeibold,https://static.parastorage.com/services/communities-blog-ooi/1.1150.0/client-viewer/6941.chunk.min.js,html/House/HollyMSeibold/javascript/6941.chunk.min|16993046197399619.js,2
HollyMSeibold,https://static.parastorage.com/services/communities-blog-ooi/1.1150.0/client-viewer/3216.chunk.min.js,html/House/HollyMSeibold/javascript/3216.chunk.min|1699304619869654.js,2
HollyMSeibold,https://static.parastorage.com/services/communities-blog-ooi/1.1150.0/client-viewer/4497.chunk.min.js,html/House/HollyMSeibold/javascript/4497.chunk.min|16993046199990416.js,2
HollyMSeibold,https://static.parastorage.com/services/communities-blog-ooi/1.1150.0/client-viewer/7526.chunk.min.js,html/House/HollyMSeibold/javascript/7526.chunk.min|16993046201178465.js,2
HollyMSeibold,https://static.parastorage.com/services/communities-blog-ooi/1.1150.0/client-viewer/wix-ricos-viewer.chunk.min.js,html/House/HollyMSeibold/javascript/wix-ricos-viewer.chunk.min|16993046203132126.js,2
HollyMSeibold,https://static.parastorage.com/services/communities-blog-ooi/1.1150.0/client-viewer/4637.chunk.min.js,html/House/HollyMSeibold/javascript/4637.chunk.min|16993046204784338.js,2
HollyMSeibold,https://static.parastorage.com/services/communities-blog-ooi/1.1150.0/client-viewer/9742.chunk.min.js,html/House/HollyMSeibold/javascript/9742.chunk.min|16993046206129122.js,2
HollyMSeibold,https://static.parastorage.com/services/communities-blog-ooi/1.1150.0/client-viewer/image-viewer.chunk.min.js,html/House/HollyMSeibold/javascript/image-viewer.chunk.min|16993046207484386.js,2
HollyMSeibold,https://static.parastorage.com/services/communities-blog-ooi/1.1150.0/client-viewer/9366.chunk.min.js,html/House/HollyMSeibold/javascript/9366.chunk.min|16993046208824368.js,2
HollyMSeibold,https://static.parastorage.com/services/communities-blog-ooi/1.1150.0/client-viewer/file-upload-viewer.chunk.min.js,html/House/HollyMSeibold/javascript/file-upload-viewer.chunk.min|16993046470484219.js,2
HollyMSeibold,https://static.parastorage.com/services/communities-blog-ooi/1.1136.0/client-viewer/2161.chunk.min.js,html/House/HollyMSeibold/javascript/2161.chunk.min|16993046477697127.js,2
HollyMSeibold,https://static.parastorage.com/services/communities-blog-ooi/1.1136.0/client-viewer/5569.chunk.min.js,html/House/HollyMSeibold/javascript/5569.chunk.min|16993046478872263.js,2
HollyMSeibold,https://static.parastorage.com/services/communities-blog-ooi/1.1136.0/client-viewer/9223.chunk.min.js,html/House/HollyMSeibold/javascript/9223.chunk.min|16993046480412385.js,2
HollyMSeibold,https://static.parastorage.com/services/communities-blog-ooi/1.1136.0/client-viewer/5988.chunk.min.js,html/House/HollyMSeibold/javascript/5988.chunk.min|16993046482300448.js,2
HollyMSeibold,https://static.parastorage.com/services/communities-blog-ooi/1.1136.0/client-viewer/6941.chunk.min.js,html/House/HollyMSeibold/javascript/6941.chunk.min|16993046483690689.js,2
HollyMSeibold,https://static.parastorage.com/services/communities-blog-ooi/1.1136.0/client-viewer/3216.chunk.min.js,html/House/HollyMSeibold/javascript/3216.chunk.min|16993046484935825.js,2
HollyMSeibold,https://static.parastorage.com/services/communities-blog-ooi/1.1136.0/client-viewer/4497.chunk.min.js,html/House/HollyMSeibold/javascript/4497.chunk.min|16993046486762178.js,2
HollyMSeibold,https://static.parastorage.com/services/communities-blog-ooi/1.1136.0/client-viewer/7526.chunk.min.js,html/House/HollyMSeibold/javascript/7526.chunk.min|1699304648844138.js,2
HollyMSeibold,https://static.parastorage.com/services/communities-blog-ooi/1.1136.0/client-viewer/wix-ricos-viewer.chunk.min.js,html/House/HollyMSeibold/javascript/wix-ricos-viewer.chunk.min|16993046489789.js,2
HollyMSeibold,https://static.parastorage.com/services/communities-blog-ooi/1.1136.0/client-viewer/4637.chunk.min.js,html/House/HollyMSeibold/javascript/4637.chunk.min|1699304649152899.js,2
HollyMSeibold,https://static.parastorage.com/services/communities-blog-ooi/1.1136.0/client-viewer/9742.chunk.min.js,html/House/HollyMSeibold/javascript/9742.chunk.min|16993046492778878.js,2
HollyMSeibold,https://static.parastorage.com/services/communities-blog-ooi/1.1136.0/client-viewer/image-viewer.chunk.min.js,html/House/HollyMSeibold/javascript/image-viewer.chunk.min|1699304649439761.js,2
HollyMSeibold,https://static.parastorage.com/services/communities-blog-ooi/1.1136.0/client-viewer/9366.chunk.min.js,html/House/HollyMSeibold/javascript/9366.chunk.min|16993046495648954.js,2
HollyMSeibold,https://static.parastorage.com/services/communities-blog-ooi/1.1136.0/client-viewer/file-upload-viewer.chunk.min.js,html/House/HollyMSeibold/javascript/file-upload-viewer.chunk.min|169930464968704.js,2
HollyMSeibold,https://static.parastorage.com/unpkg/core-js-bundle@3.2.1/minified.js,html/House/HollyMSeibold/javascript/minified|16993046505675085.js,2
HollyMSeibold,https://static.parastorage.com/unpkg/focus-within-polyfill@5.0.9/dist/focus-within-polyfill.js,html/House/HollyMSeibold/javascript/focus-within-polyfill|1699304650760574.js,2
HollyMSeibold,https://polyfill.io/v3/polyfill.min.js?features=fetch.js,html/House/HollyMSeibold/javascript/polyfill.min?features=fetch|16993046509139643.js,2
HollyMSeibold,https://static.parastorage.com/services/communities-blog-ooi/1.1150.0/client-viewer/2161.chunk.min.js,html/House/HollyMSeibold/javascript/2161.chunk.min|16993046510268707.js,2
HollyMSeibold,https://static.parastorage.com/services/communities-blog-ooi/1.1150.0/client-viewer/5569.chunk.min.js,html/House/HollyMSeibold/javascript/5569.chunk.min|16993046511577623.js,2
HollyMSeibold,https://static.parastorage.com/services/communities-blog-ooi/1.1150.0/client-viewer/9223.chunk.min.js,html/House/HollyMSeibold/javascript/9223.chunk.min|1699304651279149.js,2
HollyMSeibold,https://static.parastorage.com/services/communities-blog-ooi/1.1150.0/client-viewer/5988.chunk.min.js,html/House/HollyMSeibold/javascript/5988.chunk.min|1699304651468816.js,2
HollyMSeibold,https://static.parastorage.com/services/communities-blog-ooi/1.1150.0/client-viewer/6941.chunk.min.js,html/House/HollyMSeibold/javascript/6941.chunk.min|16993046515841098.js,2
HollyMSeibold,https://static.parastorage.com/services/communities-blog-ooi/1.1150.0/client-viewer/3216.chunk.min.js,html/House/HollyMSeibold/javascript/3216.chunk.min|16993046517617207.js,2
HollyMSeibold,https://static.parastorage.com/services/communities-blog-ooi/1.1150.0/client-viewer/4497.chunk.min.js,html/House/HollyMSeibold/javascript/4497.chunk.min|16993046518780074.js,2
HollyMSeibold,https://static.parastorage.com/services/communities-blog-ooi/1.1150.0/client-viewer/7526.chunk.min.js,html/House/HollyMSeibold/javascript/7526.chunk.min|16993046520619826.js,2
HollyMSeibold,https://static.parastorage.com/services/communities-blog-ooi/1.1150.0/client-viewer/wix-ricos-viewer.chunk.min.js,html/House/HollyMSeibold/javascript/wix-ricos-viewer.chunk.min|1699304652193747.js,2
HollyMSeibold,https://static.parastorage.com/services/communities-blog-ooi/1.1150.0/client-viewer/4637.chunk.min.js,html/House/HollyMSeibold/javascript/4637.chunk.min|16993046523894928.js,2
HollyMSeibold,https://static.parastorage.com/services/communities-blog-ooi/1.1150.0/client-viewer/9742.chunk.min.js,html/House/HollyMSeibold/javascript/9742.chunk.min|16993046525138245.js,2
HollyMSeibold,https://static.parastorage.com/services/communities-blog-ooi/1.1150.0/client-viewer/image-viewer.chunk.min.js,html/House/HollyMSeibold/javascript/image-viewer.chunk.min|16993046526989677.js,2
HollyMSeibold,https://static.parastorage.com/services/communities-blog-ooi/1.1150.0/client-viewer/LinkViewer.chunk.min.js,html/House/HollyMSeibold/javascript/LinkViewer.chunk.min|169930465287039.js,2
HollyMSeibold,https://static.parastorage.com/services/wix-thunderbolt/dist/thunderbolt-commons.61787a30.bundle.min.js,html/House/HollyMSeibold/javascript/thunderbolt-commons.61787a30.bundle.min|16993046529977448.js,2
HollyMSeibold,https://static.parastorage.com/services/wix-thunderbolt/dist/main.8d593539.bundle.min.js,html/House/HollyMSeibold/javascript/main.8d593539.bundle.min|1699304653205614.js,2
HollyMSeibold,https://static.parastorage.com/unpkg/lodash@4.17.21/lodash.min.js,html/House/HollyMSeibold/javascript/lodash.min|16993046533353572.js,2
HollyMSeibold,https://static.parastorage.com/unpkg/react@16.14.0/umd/react.production.min.js,html/House/HollyMSeibold/javascript/react.production.min|1699304653480629.js,2
HollyMSeibold,https://static.parastorage.com/unpkg/react-dom@16.14.0/umd/react-dom.production.min.js,html/House/HollyMSeibold/javascript/react-dom.production.min|16993046536024203.js,2
HollyMSeibold,https://static.parastorage.com/services/tag-manager-client/1.820.0/siteTags.bundle.min.js,html/House/HollyMSeibold/javascript/siteTags.bundle.min|16993046537462451.js,2
HollyMSeibold,https://static.parastorage.com/services/wix-perf-measure/1.1095.0/wix-perf-measure.umd.min.js,html/House/HollyMSeibold/javascript/wix-perf-measure.umd.min|16993046539356408.js,2
DouglassHaydenFisher,https://use.typekit.net/ik/3d2_ORIyOPu1aFjzfahZMuVimcvbDuOTw6gI9YC2pR3fenJIfFHN4UJLFRbh52jhWDjX5QMo52JX52JuFAjoweFyFhsyZeIhjy71MkG0jAFu-WsoShFGZAsude80ZkoRdhXCHKoyjamTiY8Djhy8ZYmC-Ao1Oco8if37OcBDOcu8OfG0-eBoZem0ZcNkic8kZh80-AI0SaBujW48Sagyjh90jhNlOfG0SaBujW48SagyjhmDjhy8ZYmC-Ao1OcFzdPUyjamTiY8Djhy8ZYmC-Ao1OcFzdPUyjamTiY8Djhy8ZYmC-Ao1Oco8ifUySkolZPUGjW8qZAoc-WFGZW4cda4h-W41-AoTjPoRdhXC-eBoZem0ZcNkic8kZh80-AI0SaBujW48Sagyjh90jhNlOeUzjhBC-eNDifUDSWmyScmDSeBRZWFR-emqiAUTdcS0jhNlOYiaikoyjamTiY8Djhy8ZYmC-Ao1OcFzdPUaiaS0jAFu-WsoShFGZAsude80Zko0ZWbCiaiaOcBDOcu8OYiaikoGjW8qZAoc-WFGZW4cda4h-W41-AoTjPoRdhXCiaiaOcyypAs8dcZzS1ZTSciTdc8yO1FUiABkZWF3jAF8OcFzdPUaiaS0SaBujW48SagyjhmDjhy8ZYmC-Ao1OcFzdPJwZWsGdcNRZAoXSc8RJ6TliWF8dkuDjAoDH6qJ0MJbMg6gJMJ7fbKrMyMMeMS6MKG4fOvfIMMjIPMfH6qJhbvbMs6YJMJ7fbRd2UMgeMq6MKG4fFGVIMIjIPMfqMYb0SPcg6.js,html/Senate/DouglassHaydenFisher/javascript/iTdc8yO1FUiABkZWF3jAF8OcFzdPUaiaS0SaBujW48SagyjhmDjhy8ZYmC-Ao1OcFzdPJwZWsGdcNRZAoXSc8RJ6TliWF8dkuDjAoDH6qJ0MJbMg6gJMJ7fbKrMyMMeMS6MKG4fOvfIMMjIPMfH6qJhbvbMs6YJMJ7fbRd2UMgeMq6MKG4fFGVIMIjIPMfqMYb0SPcg6|16993046545216556.js,2
DouglassHaydenFisher,https://assets.squarespace.com/@sqs/polyfiller/1.6/legacy.js,html/Senate/DouglassHaydenFisher/javascript/legacy|16993046547740245.js,2
DouglassHaydenFisher,https://assets.squarespace.com/@sqs/polyfiller/1.6/modern.js,html/Senate/DouglassHaydenFisher/javascript/modern|16993046549260032.js,2
DouglassHaydenFisher,https://assets.squarespace.com/universal/scripts-compressed/extract-css-runtime-d69e29a81aaf116aa2a66-min.en-US.js,html/Senate/DouglassHaydenFisher/javascript/extract-css-runtime-d69e29a81aaf116aa2a66-min.en-US|1699304655058108.js,2
DouglassHaydenFisher,https://assets.squarespace.com/universal/scripts-compressed/extract-css-moment-js-vendor-e67ac5a108455ec4edca7-min.en-US.js,html/Senate/DouglassHaydenFisher/javascript/extract-css-moment-js-vendor-e67ac5a108455ec4edca7-min.en-US|16993046552159293.js,2
DouglassHaydenFisher,https://assets.squarespace.com/universal/scripts-compressed/cldr-resource-pack-110eab6cc05faf9931604-min.en-US.js,html/Senate/DouglassHaydenFisher/javascript/cldr-resource-pack-110eab6cc05faf9931604-min.en-US|16993046553529253.js,2
DouglassHaydenFisher,https://assets.squarespace.com/universal/scripts-compressed/common-vendors-stable-24fce0995a3bad854c53e-min.en-US.js,html/Senate/DouglassHaydenFisher/javascript/common-vendors-stable-24fce0995a3bad854c53e-min.en-US|16993046555132532.js,2
DouglassHaydenFisher,https://assets.squarespace.com/universal/scripts-compressed/common-vendors-f723a4a173ed8fa3bd7e2-min.en-US.js,html/Senate/DouglassHaydenFisher/javascript/common-vendors-f723a4a173ed8fa3bd7e2-min.en-US|1699304655696428.js,2
DouglassHaydenFisher,https://assets.squarespace.com/universal/scripts-compressed/common-95501ecb88c526f9383c2-min.en-US.js,html/Senate/DouglassHaydenFisher/javascript/common-95501ecb88c526f9383c2-min.en-US|169930465605511.js,2
DouglassHaydenFisher,https://assets.squarespace.com/universal/scripts-compressed/performance-886cb8aa27d4aae4c1f1b-min.en-US.js,html/Senate/DouglassHaydenFisher/javascript/performance-886cb8aa27d4aae4c1f1b-min.en-US|16993046562384048.js,2
DouglassHaydenFisher,https://assets.squarespace.com/universal/scripts-compressed/extension-scripts-9c866ca46856c32a3be4b-min.en-US.js,html/Senate/DouglassHaydenFisher/javascript/extension-scripts-9c866ca46856c32a3be4b-min.en-US|16993046563747418.js,2
DouglassHaydenFisher,https://static1.squarespace.com/static/vta/5c5a519771c10ba3470d8101/scripts/site-bundle.8c6443f146bfa4988d59d1656613d2fd.js,html/Senate/DouglassHaydenFisher/javascript/site-bundle.8c6443f146bfa4988d59d1656613d2fd|1699304656554879.js,2
DonLScottJr,https://149869134.v2.pressablecdn.com/wp-includes/js/jquery/jquery.min.js?ver=3.7.0.js,html/House/DonLScottJr/javascript/jquery.min?ver=3.7.0|16993046568104393.js,2
DonLScottJr,https://149869134.v2.pressablecdn.com/wp-includes/js/jquery/jquery-migrate.min.js?ver=3.4.1.js,html/House/DonLScottJr/javascript/jquery-migrate.min?ver=3.4.1|16993046569251957.js,2
DonLScottJr,https://static.everyaction.com/ea-actiontag/at.js,html/House/DonLScottJr/javascript/at|16993046571129136.js,2
DonLScottJr,https://149869134.v2.pressablecdn.com/wp-content/plugins/essential-blocks/assets/js/eb-blocks-localize.js?ver=4.3.6.js,html/House/DonLScottJr/javascript/eb-blocks-localize?ver=4.3.6|16993046572520902.js,2
DonLScottJr,https://149869134.v2.pressablecdn.com/wp-content/themes/hello-elementor/assets/js/hello-frontend.min.js?ver=1.0.0.js,html/House/DonLScottJr/javascript/hello-frontend.min?ver=1.0.0|16993046574067447.js,2
DonLScottJr,https://149869134.v2.pressablecdn.com/wp-content/plugins/essential-addons-for-elementor-lite/assets/front-end/js/view/general.min.js?ver=5.8.13.js,html/House/DonLScottJr/javascript/general.min?ver=5.8.13|16993046575460646.js,2
DonLScottJr,https://stats.wp.com/e-202345.js,html/House/DonLScottJr/javascript/e-202345|16993046577011864.js,2
DonLScottJr,https://149869134.v2.pressablecdn.com/wp-content/plugins/elementor-pro/assets/lib/smartmenus/jquery.smartmenus.min.js?ver=1.0.1.js,html/House/DonLScottJr/javascript/jquery.smartmenus.min?ver=1.0.1|16993046578697245.js,2
DonLScottJr,https://149869134.v2.pressablecdn.com/wp-content/plugins/premium-addons-for-elementor/assets/frontend/min-js/premium-dis-conditions.min.js?ver=4.10.14.js,html/House/DonLScottJr/javascript/premium-dis-conditions.min?ver=4.10.14|16993046580700133.js,2
DonLScottJr,https://149869134.v2.pressablecdn.com/wp-content/plugins/elementor-pro/assets/js/webpack-pro.runtime.min.js?ver=3.17.1.js,html/House/DonLScottJr/javascript/webpack-pro.runtime.min?ver=3.17.1|1699304658224305.js,2
DonLScottJr,https://149869134.v2.pressablecdn.com/wp-content/plugins/elementor/assets/js/webpack.runtime.min.js?ver=3.17.2.js,html/House/DonLScottJr/javascript/webpack.runtime.min?ver=3.17.2|1699304658413962.js,2
DonLScottJr,https://149869134.v2.pressablecdn.com/wp-content/plugins/elementor/assets/js/frontend-modules.min.js?ver=3.17.2.js,html/House/DonLScottJr/javascript/frontend-modules.min?ver=3.17.2|16993046585718992.js,2
DonLScottJr,https://149869134.v2.pressablecdn.com/wp-includes/js/dist/vendor/wp-polyfill-inert.min.js?ver=3.1.2.js,html/House/DonLScottJr/javascript/wp-polyfill-inert.min?ver=3.1.2|16993046587341535.js,2
DonLScottJr,https://149869134.v2.pressablecdn.com/wp-includes/js/dist/vendor/regenerator-runtime.min.js?ver=0.13.11.js,html/House/DonLScottJr/javascript/regenerator-runtime.min?ver=0.13.11|16993046588899353.js,2
DonLScottJr,https://149869134.v2.pressablecdn.com/wp-includes/js/dist/vendor/wp-polyfill.min.js?ver=3.15.0.js,html/House/DonLScottJr/javascript/wp-polyfill.min?ver=3.15.0|1699304659009352.js,2
DonLScottJr,https://149869134.v2.pressablecdn.com/wp-includes/js/dist/hooks.min.js?ver=c6aec9a8d4e5a5d543a1.js,html/House/DonLScottJr/javascript/hooks.min?ver=c6aec9a8d4e5a5d543a1|16993046591347485.js,2
DonLScottJr,https://149869134.v2.pressablecdn.com/wp-includes/js/dist/i18n.min.js?ver=7701b0c3857f914212ef.js,html/House/DonLScottJr/javascript/i18n.min?ver=7701b0c3857f914212ef|16993046593834455.js,2
DonLScottJr,https://149869134.v2.pressablecdn.com/wp-content/plugins/elementor-pro/assets/js/frontend.min.js?ver=3.17.1.js,html/House/DonLScottJr/javascript/frontend.min?ver=3.17.1|1699304659511323.js,2
DonLScottJr,https://149869134.v2.pressablecdn.com/wp-content/plugins/elementor/assets/lib/waypoints/waypoints.min.js?ver=4.0.2.js,html/House/DonLScottJr/javascript/waypoints.min?ver=4.0.2|16993046596543984.js,2
DonLScottJr,https://149869134.v2.pressablecdn.com/wp-includes/js/jquery/ui/core.min.js?ver=1.13.2.js,html/House/DonLScottJr/javascript/core.min?ver=1.13.2|1699304659843014.js,2
DonLScottJr,https://149869134.v2.pressablecdn.com/wp-content/plugins/elementor/assets/js/frontend.min.js?ver=3.17.2.js,html/House/DonLScottJr/javascript/frontend.min?ver=3.17.2|16993046600931835.js,2
DonLScottJr,https://149869134.v2.pressablecdn.com/wp-content/plugins/elementor-pro/assets/js/elements-handlers.min.js?ver=3.17.1.js,html/House/DonLScottJr/javascript/elements-handlers.min?ver=3.17.1|16993046603042822.js,2
DonLScottJr,https://149869134.v2.pressablecdn.com/wp-content/plugins/elementor-pro/assets/lib/sticky/jquery.sticky.min.js?ver=3.17.1.js,html/House/DonLScottJr/javascript/jquery.sticky.min?ver=3.17.1|16993046604274085.js,2
PhilipAHamilton,https://ajax.googleapis.com/ajax/libs/jquery/1.12.0/jquery.min.js,html/Senate/PhilipAHamilton/javascript/jquery.min|1699304660621357.js,2
PhilipAHamilton,https://www.hamiltonforvasenate.com/wp-includes/js/jquery/jquery.min.js?ver=3.7.0.js,html/Senate/PhilipAHamilton/javascript/jquery.min?ver=3.7.0|16993046611020396.js,2
PhilipAHamilton,https://www.hamiltonforvasenate.com/wp-includes/js/jquery/jquery-migrate.min.js?ver=3.4.1.js,html/Senate/PhilipAHamilton/javascript/jquery-migrate.min?ver=3.4.1|16993046614088807.js,2
PhilipAHamilton,https://www.hamiltonforvasenate.com/wp-content/plugins/gravity-forms-placeholders/gf.placeholders.js?ver=1.0.js,html/Senate/PhilipAHamilton/javascript/gf.placeholders?ver=1.0|169930466169897.js,2
PhilipAHamilton,https://www.googletagmanager.com/gtag/js?id=G-X0LXWMX6ED.js,html/Senate/PhilipAHamilton/javascript/js?id=G-X0LXWMX6ED|16993046619901125.js,2
PhilipAHamilton,https://www.hamiltonforvasenate.com/cdn-cgi/scripts/5c5dd728/cloudflare-static/email-decode.min.js,html/Senate/PhilipAHamilton/javascript/email-decode.min|16993046622221935.js,2
PhilipAHamilton,https://www.hamiltonforvasenate.com/wp-includes/js/dist/vendor/wp-polyfill-inert.min.js?ver=3.1.2.js,html/Senate/PhilipAHamilton/javascript/wp-polyfill-inert.min?ver=3.1.2|16993046625670779.js,2
PhilipAHamilton,https://www.hamiltonforvasenate.com/wp-includes/js/dist/vendor/regenerator-runtime.min.js?ver=0.13.11.js,html/Senate/PhilipAHamilton/javascript/regenerator-runtime.min?ver=0.13.11|16993046628445213.js,2
PhilipAHamilton,https://www.hamiltonforvasenate.com/wp-includes/js/dist/vendor/wp-polyfill.min.js?ver=3.15.0.js,html/Senate/PhilipAHamilton/javascript/wp-polyfill.min?ver=3.15.0|16993046631265461.js,2
PhilipAHamilton,https://www.hamiltonforvasenate.com/wp-includes/js/dist/dom-ready.min.js?ver=392bdd43726760d1f3ca.js,html/Senate/PhilipAHamilton/javascript/dom-ready.min?ver=392bdd43726760d1f3ca|16993046634274962.js,2
PhilipAHamilton,https://www.hamiltonforvasenate.com/wp-includes/js/dist/hooks.min.js?ver=c6aec9a8d4e5a5d543a1.js,html/Senate/PhilipAHamilton/javascript/hooks.min?ver=c6aec9a8d4e5a5d543a1|16993046637053578.js,2
PhilipAHamilton,https://www.hamiltonforvasenate.com/wp-includes/js/dist/i18n.min.js?ver=7701b0c3857f914212ef.js,html/Senate/PhilipAHamilton/javascript/i18n.min?ver=7701b0c3857f914212ef|16993046640014968.js,2
PhilipAHamilton,https://www.hamiltonforvasenate.com/wp-includes/js/dist/a11y.min.js?ver=7032343a947cfccf5608.js,html/Senate/PhilipAHamilton/javascript/a11y.min?ver=7032343a947cfccf5608|16993046643113942.js,2
PhilipAHamilton,https://www.hamiltonforvasenate.com/wp-content/plugins/gravityforms/js/jquery.json.min.js?ver=2.7.16.js,html/Senate/PhilipAHamilton/javascript/jqueryon.min?ver=2.7.16|16993046646099343.js,2
PhilipAHamilton,https://www.hamiltonforvasenate.com/wp-content/plugins/gravityforms/js/gravityforms.min.js?ver=2.7.16.js,html/Senate/PhilipAHamilton/javascript/gravityforms.min?ver=2.7.16|16993046648990653.js,2
PhilipAHamilton,https://www.hamiltonforvasenate.com/wp-content/plugins/gravityforms/js/jquery.maskedinput.min.js?ver=2.7.16.js,html/Senate/PhilipAHamilton/javascript/jquery.maskedinput.min?ver=2.7.16|16993046651801293.js,2
PhilipAHamilton,https://www.hamiltonforvasenate.com/wp-content/plugins/gravityforms/assets/js/dist/utils.min.js?ver=59d951b75d934ae23e0ea7f9776264aa.js,html/Senate/PhilipAHamilton/javascript/utils.min?ver=59d951b75d934ae23e0ea7f9776264aa|16993046654973097.js,2
PhilipAHamilton,https://www.hamiltonforvasenate.com/wp-content/plugins/gravityforms/assets/js/dist/vendor-theme.min.js?ver=4ef53fe41c14a48b294541d9fc37387e.js,html/Senate/PhilipAHamilton/javascript/vendor-theme.min?ver=4ef53fe41c14a48b294541d9fc37387e|16993046658176632.js,2
PhilipAHamilton,https://www.hamiltonforvasenate.com/wp-content/plugins/gravityforms/assets/js/dist/scripts-theme.min.js?ver=f4d12a887a23a8c5755fd2b956bc8fcf.js,html/Senate/PhilipAHamilton/javascript/scripts-theme.min?ver=f4d12a887a23a8c5755fd2b956bc8fcf|16993046661094496.js,2
PhilipAHamilton,https://www.hamiltonforvasenate.com/wp-content/themes/hamiltonforvasenate/bootstrap/js/bootstrap.js,html/Senate/PhilipAHamilton/javascript/bootstrap|16993046663464901.js,2
HollyMSeibold,https://static.parastorage.com/unpkg/core-js-bundle@3.2.1/minified.js,html/House/HollyMSeibold/javascript/minified|16993046666956673.js,2
HollyMSeibold,https://static.parastorage.com/unpkg/focus-within-polyfill@5.0.9/dist/focus-within-polyfill.js,html/House/HollyMSeibold/javascript/focus-within-polyfill|16993046668196948.js,2
HollyMSeibold,https://polyfill.io/v3/polyfill.min.js?features=fetch.js,html/House/HollyMSeibold/javascript/polyfill.min?features=fetch|16993046669427133.js,2
HollyMSeibold,https://static.parastorage.com/services/communities-blog-ooi/1.1136.0/client-viewer/2161.chunk.min.js,html/House/HollyMSeibold/javascript/2161.chunk.min|16993046670985515.js,2
HollyMSeibold,https://static.parastorage.com/services/communities-blog-ooi/1.1136.0/client-viewer/5569.chunk.min.js,html/House/HollyMSeibold/javascript/5569.chunk.min|16993046672567818.js,2
HollyMSeibold,https://static.parastorage.com/services/communities-blog-ooi/1.1136.0/client-viewer/9223.chunk.min.js,html/House/HollyMSeibold/javascript/9223.chunk.min|16993046674229696.js,2
HollyMSeibold,https://static.parastorage.com/services/communities-blog-ooi/1.1136.0/client-viewer/5988.chunk.min.js,html/House/HollyMSeibold/javascript/5988.chunk.min|16993046675501645.js,2
HollyMSeibold,https://static.parastorage.com/services/communities-blog-ooi/1.1136.0/client-viewer/6941.chunk.min.js,html/House/HollyMSeibold/javascript/6941.chunk.min|16993046676685898.js,2
HollyMSeibold,https://static.parastorage.com/services/communities-blog-ooi/1.1136.0/client-viewer/3216.chunk.min.js,html/House/HollyMSeibold/javascript/3216.chunk.min|16993046678342712.js,2
HollyMSeibold,https://static.parastorage.com/services/communities-blog-ooi/1.1136.0/client-viewer/4497.chunk.min.js,html/House/HollyMSeibold/javascript/4497.chunk.min|16993046679529054.js,2
HollyMSeibold,https://static.parastorage.com/services/communities-blog-ooi/1.1136.0/client-viewer/7526.chunk.min.js,html/House/HollyMSeibold/javascript/7526.chunk.min|1699304668141391.js,2
HollyMSeibold,https://static.parastorage.com/services/communities-blog-ooi/1.1136.0/client-viewer/wix-ricos-viewer.chunk.min.js,html/House/HollyMSeibold/javascript/wix-ricos-viewer.chunk.min|16993046683086154.js,2
HollyMSeibold,https://static.parastorage.com/services/communities-blog-ooi/1.1136.0/client-viewer/4637.chunk.min.js,html/House/HollyMSeibold/javascript/4637.chunk.min|16993046684352138.js,2
HollyMSeibold,https://static.parastorage.com/services/communities-blog-ooi/1.1136.0/client-viewer/LinkViewer.chunk.min.js,html/House/HollyMSeibold/javascript/LinkViewer.chunk.min|16993046686382766.js,2
HollyMSeibold,https://static.parastorage.com/services/communities-blog-ooi/1.1136.0/client-viewer/9742.chunk.min.js,html/House/HollyMSeibold/javascript/9742.chunk.min|16993046687730904.js,2
HollyMSeibold,https://static.parastorage.com/services/communities-blog-ooi/1.1136.0/client-viewer/image-viewer.chunk.min.js,html/House/HollyMSeibold/javascript/image-viewer.chunk.min|169930466888866.js,2
HollyMSeibold,https://static.parastorage.com/services/wix-thunderbolt/dist/thunderbolt-commons.a7bbc301.bundle.min.js,html/House/HollyMSeibold/javascript/thunderbolt-commons.a7bbc301.bundle.min|1699304669067624.js,2
HollyMSeibold,https://static.parastorage.com/services/wix-thunderbolt/dist/main.684facb9.bundle.min.js,html/House/HollyMSeibold/javascript/main.684facb9.bundle.min|16993046692397726.js,2
HollyMSeibold,https://static.parastorage.com/unpkg/lodash@4.17.21/lodash.min.js,html/House/HollyMSeibold/javascript/lodash.min|16993046694417858.js,2
HollyMSeibold,https://static.parastorage.com/unpkg/react@16.14.0/umd/react.production.min.js,html/House/HollyMSeibold/javascript/react.production.min|16993046695979934.js,2
HollyMSeibold,https://static.parastorage.com/unpkg/react-dom@16.14.0/umd/react-dom.production.min.js,html/House/HollyMSeibold/javascript/react-dom.production.min|16993046697797813.js,2
HollyMSeibold,https://static.parastorage.com/services/tag-manager-client/1.820.0/siteTags.bundle.min.js,html/House/HollyMSeibold/javascript/siteTags.bundle.min|16993046699254382.js,2
HollyMSeibold,https://static.parastorage.com/services/wix-perf-measure/1.1095.0/wix-perf-measure.umd.min.js,html/House/HollyMSeibold/javascript/wix-perf-measure.umd.min|16993046700703723.js,2
HollyMSeibold,https://static.parastorage.com/services/wix-thunderbolt/dist/thunderbolt-commons.6fc865c6.bundle.min.js,html/House/HollyMSeibold/javascript/thunderbolt-commons.6fc865c6.bundle.min|16993046704310834.js,2
HollyMSeibold,https://static.parastorage.com/services/wix-thunderbolt/dist/main.1fa7a1cb.bundle.min.js,html/House/HollyMSeibold/javascript/main.1fa7a1cb.bundle.min|16993046705961442.js,2
NatanDMcKenzie,https://c0.wp.com/c/6.3.2/wp-includes/js/jquery/jquery.min.js,html/Senate/NatanDMcKenzie/javascript/jquery.min|16993046709338.js,0
NatanDMcKenzie,https://c0.wp.com/c/6.3.2/wp-includes/js/jquery/jquery-migrate.min.js,html/Senate/NatanDMcKenzie/javascript/jquery-migrate.min|16993046710899055.js,0
NatanDMcKenzie,https://149957923.v2.pressablecdn.com/wp-content/themes/TFC-Basic-Theme/js/navigation.js?ver=1.1.5.js,html/Senate/NatanDMcKenzie/javascript/navigation?ver=1.1.5|16993046713282104.js,0
NatanDMcKenzie,https://149957923.v2.pressablecdn.com/wp-content/themes/TFC-Basic-Theme/js/skip-link-focus-fix.js?ver=1.1.5.js,html/Senate/NatanDMcKenzie/javascript/skip-link-focus-fix?ver=1.1.5|16993046714558356.js,0
NatanDMcKenzie,https://149957923.v2.pressablecdn.com/wp-content/themes/TFC-Basic-Theme/js/lighting-page.js?ver=1.1.5.js,html/Senate/NatanDMcKenzie/javascript/lighting-page?ver=1.1.5|16993046716369092.js,0
NatanDMcKenzie,https://149957923.v2.pressablecdn.com/wp-content/themes/TFC-Basic-Theme/js/fitvids.js?ver=1.1.5.js,html/Senate/NatanDMcKenzie/javascript/fitvids?ver=1.1.5|16993046718347895.js,0
NatanDMcKenzie,https://149957923.v2.pressablecdn.com/wp-content/themes/TFC-Basic-Theme/js/cookies.js?ver=1.1.5.js,html/Senate/NatanDMcKenzie/javascript/cookies?ver=1.1.5|16993046720227854.js,0
NatanDMcKenzie,https://c0.wp.com/c/6.3.2/wp-includes/js/dist/vendor/wp-polyfill-inert.min.js,html/Senate/NatanDMcKenzie/javascript/wp-polyfill-inert.min|16993046722244682.js,0
NatanDMcKenzie,https://c0.wp.com/c/6.3.2/wp-includes/js/dist/vendor/regenerator-runtime.min.js,html/Senate/NatanDMcKenzie/javascript/regenerator-runtime.min|16993046723960917.js,0
NatanDMcKenzie,https://c0.wp.com/c/6.3.2/wp-includes/js/dist/vendor/wp-polyfill.min.js,html/Senate/NatanDMcKenzie/javascript/wp-polyfill.min|16993046725882273.js,0
NatanDMcKenzie,https://c0.wp.com/c/6.3.2/wp-includes/js/dist/hooks.min.js,html/Senate/NatanDMcKenzie/javascript/hooks.min|16993046727881553.js,0
NatanDMcKenzie,https://c0.wp.com/c/6.3.2/wp-includes/js/dist/i18n.min.js,html/Senate/NatanDMcKenzie/javascript/i18n.min|16993046729133673.js,0
NatanDMcKenzie,https://149957923.v2.pressablecdn.com/wp-content/plugins/jetpack/_inc/build/theme-tools/responsive-videos/responsive-videos.min.js?minify=false&ver=2b86bcd5ed0c4775ce84.js,html/Senate/NatanDMcKenzie/javascript/responsive-videos.min?minify=false&ver=2b86bcd5ed0c4775ce84|16993046730812526.js,0
HollyMSeibold,https://static.parastorage.com/services/communities-blog-ooi/1.1150.0/client-viewer/2161.chunk.min.js,html/House/HollyMSeibold/javascript/2161.chunk.min|16993046735039399.js,3
HollyMSeibold,https://static.parastorage.com/services/communities-blog-ooi/1.1150.0/client-viewer/5569.chunk.min.js,html/House/HollyMSeibold/javascript/5569.chunk.min|16993046737097225.js,3
HollyMSeibold,https://static.parastorage.com/services/communities-blog-ooi/1.1150.0/client-viewer/9223.chunk.min.js,html/House/HollyMSeibold/javascript/9223.chunk.min|16993046738347218.js,3
HollyMSeibold,https://static.parastorage.com/services/communities-blog-ooi/1.1150.0/client-viewer/5988.chunk.min.js,html/House/HollyMSeibold/javascript/5988.chunk.min|16993046740258908.js,3
HollyMSeibold,https://static.parastorage.com/services/communities-blog-ooi/1.1150.0/client-viewer/6941.chunk.min.js,html/House/HollyMSeibold/javascript/6941.chunk.min|1699304674219531.js,3
HollyMSeibold,https://static.parastorage.com/services/communities-blog-ooi/1.1150.0/client-viewer/3216.chunk.min.js,html/House/HollyMSeibold/javascript/3216.chunk.min|1699304674339316.js,3
HollyMSeibold,https://static.parastorage.com/services/communities-blog-ooi/1.1150.0/client-viewer/4497.chunk.min.js,html/House/HollyMSeibold/javascript/4497.chunk.min|16993046745199986.js,3
HollyMSeibold,https://static.parastorage.com/services/communities-blog-ooi/1.1150.0/client-viewer/7526.chunk.min.js,html/House/HollyMSeibold/javascript/7526.chunk.min|1699304674644266.js,3
HollyMSeibold,https://static.parastorage.com/services/communities-blog-ooi/1.1150.0/client-viewer/wix-ricos-viewer.chunk.min.js,html/House/HollyMSeibold/javascript/wix-ricos-viewer.chunk.min|16993046747892087.js,3
HollyMSeibold,https://static.parastorage.com/services/communities-blog-ooi/1.1150.0/client-viewer/4637.chunk.min.js,html/House/HollyMSeibold/javascript/4637.chunk.min|16993046749529483.js,3
HollyMSeibold,https://static.parastorage.com/services/communities-blog-ooi/1.1150.0/client-viewer/9742.chunk.min.js,html/House/HollyMSeibold/javascript/9742.chunk.min|16993046751494858.js,3
HollyMSeibold,https://static.parastorage.com/services/communities-blog-ooi/1.1150.0/client-viewer/image-viewer.chunk.min.js,html/House/HollyMSeibold/javascript/image-viewer.chunk.min|16993046752707012.js,3
HollyMSeibold,https://static.parastorage.com/services/communities-blog-ooi/1.1150.0/client-viewer/LinkViewer.chunk.min.js,html/House/HollyMSeibold/javascript/LinkViewer.chunk.min|16993046754521654.js,3
HollyMSeibold,https://static.parastorage.com/services/wix-thunderbolt/dist/thunderbolt-commons.61787a30.bundle.min.js,html/House/HollyMSeibold/javascript/thunderbolt-commons.61787a30.bundle.min|16993046755815113.js,3
HollyMSeibold,https://static.parastorage.com/services/wix-thunderbolt/dist/main.8d593539.bundle.min.js,html/House/HollyMSeibold/javascript/main.8d593539.bundle.min|1699304699877356.js,3
StellaGPekarsky,https://www.googletagmanager.com/gtag/js?id=UA-109827538-2.js,html/Senate/StellaGPekarsky/javascript/js?id=UA-109827538-2|16993047004481454.js,0
StellaGPekarsky,https://stellapekarsky.com/wp-content/plugins/contact-form-7/includes/swv/js/index.js?ver=5.8.2.js,html/Senate/StellaGPekarsky/javascript/index?ver=5.8.2|1699304701192859.js,0
StellaGPekarsky,https://stellapekarsky.com/wp-content/plugins/contact-form-7/includes/js/index.js?ver=5.8.2.js,html/Senate/StellaGPekarsky/javascript/index?ver=5.8.2|16993047016673894.js,0
StellaGPekarsky,https://stellapekarsky.com/wp-includes/js/jquery/jquery.min.js?ver=3.7.0.js,html/Senate/StellaGPekarsky/javascript/jquery.min?ver=3.7.0|16993047022664213.js,0
StellaGPekarsky,https://stellapekarsky.com/wp-includes/js/jquery/jquery-migrate.min.js?ver=3.4.1.js,html/Senate/StellaGPekarsky/javascript/jquery-migrate.min?ver=3.4.1|1699304702709191.js,0
StellaGPekarsky,https://stellapekarsky.com/wp-content/themes/Divi/js/scripts.min.js?ver=4.23.0.js,html/Senate/StellaGPekarsky/javascript/scripts.min?ver=4.23.0|16993047035454104.js,0
StellaGPekarsky,https://stellapekarsky.com/wp-content/themes/Divi/core/admin/js/common.js?ver=4.23.js,html/Senate/StellaGPekarsky/javascript/common?ver=4.23|1699304703876429.js,0
DonLScottJr,https://149869134.v2.pressablecdn.com/wp-content/uploads/premium-addons-elementor/pa-frontend-2fe868524.min.js?ver=1699304704.js,html/House/DonLScottJr/javascript/pa-frontend-2fe868524.min?ver=1699304704|16993047057297013.js,2
DonLScottJr,https://149869134.v2.pressablecdn.com/wp-content/uploads/essential-addons-elementor/eael-6.js?ver=1682519889.js,html/House/DonLScottJr/javascript/eael-6?ver=1682519889|16993047058504832.js,2
DonLScottJr,https://149869134.v2.pressablecdn.com/wp-content/plugins/premium-addons-for-elementor/assets/frontend/min-js/universal-tilt.min.js?ver=4.10.14.js,html/House/DonLScottJr/javascript/universal-tilt.min?ver=4.10.14|16993047059768403.js,2
DonLScottJr,https://149869134.v2.pressablecdn.com/wp-includes/js/imagesloaded.min.js?ver=4.1.4.js,html/House/DonLScottJr/javascript/imagesloaded.min?ver=4.1.4|16993047061094694.js,2
DonLScottJr,https://149869134.v2.pressablecdn.com/wp-content/plugins/elementor/assets/lib/font-awesome/js/v4-shims.min.js?ver=5.8.13.js,html/House/DonLScottJr/javascript/v4-shims.min?ver=5.8.13|16993047062335384.js,2
